{"avg_loss":9.970673315789474e+06,"_wandb":{"runtime":962},"avg_kld_loss":0.0388720662970292,"_step":2160,"batch_kld_loss":0.037357330322265625,"epoch":107,"reconstructions":{"_type":"images/separated","width":512,"height":256,"format":"png","count":64,"filenames":["media/images/reconstructions_2030_69c599110ab06364cea6.png","media/images/reconstructions_2030_9b4ffdc6e8ce7ba2670b.png","media/images/reconstructions_2030_e3bf6a4d9294c57ced31.png","media/images/reconstructions_2030_bf008d218cce887bb877.png","media/images/reconstructions_2030_affa0fdac8318136aa4e.png","media/images/reconstructions_2030_eb0206e3689043582024.png","media/images/reconstructions_2030_68619d67af050cf99fcb.png","media/images/reconstructions_2030_4fdd795d49e0710c9d16.png","media/images/reconstructions_2030_b768d2c49ae4c0885c3c.png","media/images/reconstructions_2030_023ce018e797fd569e31.png","media/images/reconstructions_2030_2ae3c85c2f51139071dc.png","media/images/reconstructions_2030_6de6ee36ff41f196a304.png","media/images/reconstructions_2030_f262b59db9f00f8a68bb.png","media/images/reconstructions_2030_82f6e30ccacbf6144b81.png","media/images/reconstructions_2030_05ae0df89aa359f47195.png","media/images/reconstructions_2030_c41328828687dac36bb7.png","media/images/reconstructions_2030_de86587da2fbbd5a8468.png","media/images/reconstructions_2030_9d420d19f9d5eb10a1d2.png","media/images/reconstructions_2030_dbc9ecd3ad252303b904.png","media/images/reconstructions_2030_758220963c434b76d1d0.png","media/images/reconstructions_2030_83328e8cfa0ceb4b19dd.png","media/images/reconstructions_2030_281c9e9cbb86ed28f7a4.png","media/images/reconstructions_2030_b7e3d336f1f223c227b6.png","media/images/reconstructions_2030_e6627dcb16b08f2d58b5.png","media/images/reconstructions_2030_2731e47ff0e1fb2cc599.png","media/images/reconstructions_2030_52deed9bbe8d2479bef6.png","media/images/reconstructions_2030_d8099d61c9f32aa67a49.png","media/images/reconstructions_2030_f00019256e700419a8b5.png","media/images/reconstructions_2030_4a88657b1a5e32e478ed.png","media/images/reconstructions_2030_6991cb751e21ce5a3adb.png","media/images/reconstructions_2030_a2a5c6e4de5cde94dfa0.png","media/images/reconstructions_2030_77a9bbaadc9ec5dbec16.png","media/images/reconstructions_2030_c7c844907d64871cf2f8.png","media/images/reconstructions_2030_758be7ab8cf6d6f31b77.png","media/images/reconstructions_2030_607c943cc90bb458e906.png","media/images/reconstructions_2030_b698b2b1455221a68ef2.png","media/images/reconstructions_2030_ef1ed07b53a712e22354.png","media/images/reconstructions_2030_851bc78fd05c1e4230ae.png","media/images/reconstructions_2030_4c7f318809c9c91363c2.png","media/images/reconstructions_2030_a34c82c2775e88350679.png","media/images/reconstructions_2030_0f9ba94a42329d8bdb5b.png","media/images/reconstructions_2030_c0966e6893a3d1ce08c6.png","media/images/reconstructions_2030_da7fd249f435651d192e.png","media/images/reconstructions_2030_8a595930574cc4cb320e.png","media/images/reconstructions_2030_86be8f480410b7b77c5c.png","media/images/reconstructions_2030_73ba1ee539bd27a8ed01.png","media/images/reconstructions_2030_6397a4374d68a1a2c35a.png","media/images/reconstructions_2030_bf2d6c14c7a9dd40d7a9.png","media/images/reconstructions_2030_17a50946872ab3bd14f3.png","media/images/reconstructions_2030_7ffab3e1831134ab88fa.png","media/images/reconstructions_2030_c7a511a3348aca035c70.png","media/images/reconstructions_2030_ba9039a96f2f5fcc07e8.png","media/images/reconstructions_2030_991d5435e79ae78430e2.png","media/images/reconstructions_2030_48d55680831b227e90ba.png","media/images/reconstructions_2030_37e6bd2cf23b30f8b351.png","media/images/reconstructions_2030_e709ee668aeb8dd84411.png","media/images/reconstructions_2030_639d053802a00db6f36e.png","media/images/reconstructions_2030_36fcdd25e23899a3e855.png","media/images/reconstructions_2030_d1efa54b4cd18e91c255.png","media/images/reconstructions_2030_313a21308c14bf7f6183.png","media/images/reconstructions_2030_3f0996999b02e8e60d4e.png","media/images/reconstructions_2030_feea7d92e164f961111c.png","media/images/reconstructions_2030_d58a3462dae9ccc07e47.png","media/images/reconstructions_2030_32378d2f74ab6546ab07.png"]},"batch_mse_loss":9.963897e+06,"batch_loss":9.963897e+06,"_timestamp":1.727430577420217e+09,"_runtime":962.38393021,"avg_mse_loss":9.970673315789474e+06}