Physics,Sections,CFG,mse,var_diff,FID
cossched,seccos15,2,1.0841833494603634,26.555877586841007,102.8365098326231
