Physics,Sections,CFG,mse,var_diff
phys,sec9plus6,2,tensor(644.2807),25.805381557314362
phys,sec9plus6,2,tensor(20311.),5.363376516723637
phys,sec9plus6,2,tensor(1788.2748),19.314620730182817
phys,sec9plus6,2,tensor(2940.6130),13.918307290456307
phys,sec9plus6,2,tensor(11620.6436),19.601434293517723
phys,sec18plus7,6,tensor(45.4245),6.442082651603703
phys,sec18plus7,6,tensor(22748.2266),2.609768725585935
phys,sec18plus7,6,tensor(208.9988),12.429372886775283
