Model Type,Noise Steps,Sections,CFG,MSE,MSE_Norm,Var_Diff
physbeam,850,18+7,1,9914.153369140626,3.5793519191429366e-05,66.54356847025922
