{"batch_kld_loss":27.109699249267578,"_wandb":{"runtime":257},"_runtime":257.394302374,"reconstructions":{"captions":["Top: Originals, Bottom: Reconstructions"],"_type":"images/separated","width":4114,"height":518,"format":"png","count":1,"filenames":["media/images/reconstructions_2010_e0eaec0f6aece7c09d87.png"]},"_timestamp":1.7276897919671924e+09,"_step":2010,"epoch":100,"batch_recon_loss":51.993812561035156,"avg_recon_loss":40.49859242144742,"avg_kld_loss":29.908776922278147,"batch_loss":79.103515625,"avg_loss":70.40736915284158}