{"avg_loss":18.547971963882446,"_runtime":4497.292590923,"_wandb":{"runtime":4498},"avg_kld_loss":10.237932205200195,"val_reconstructions":{"captions":["Top: Originals, Bottom: Reconstructions"],"_type":"images/separated","width":4114,"height":518,"format":"png","count":1,"filenames":["media/images/val_reconstructions_34399_0106870d043007faf39e.png"]},"val_avg_recon_loss":18.83218682981005,"val_avg_kld_loss":10.273619169347427,"val_avg_loss":29.10580575980392,"avg_recon_loss":8.310039550065994,"_step":34399,"batch_kld_loss":9.857746124267578,"batch_recon_loss":8.032835006713867,"epoch":2000,"_timestamp":1.7278748330688264e+09,"batch_loss":17.890581130981445}