{"_wandb":{"runtime":2482},"batch_recon_loss":10.473539352416992,"avg_loss":21.787924449643278,"batch_kld_loss":11.398752212524414,"avg_recon_loss":10.472213828628934,"avg_kld_loss":11.315710525572346,"_runtime":2481.644811099,"reconstructions":{"width":4114,"height":518,"format":"png","count":1,"filenames":["media/images/reconstructions_20100_ef318d9531847a81358c.png"],"captions":["Top: Originals, Bottom: Reconstructions"],"_type":"images/separated"},"_step":20100,"batch_loss":21.872291564941406,"epoch":1000,"_timestamp":1.7276935100841506e+09}