{"_timestamp":1.727454240413401e+09,"batch_loss":0.03480641916394234,"_runtime":12428.6847604,"epoch":1500,"reconstructions":{"width":512,"height":256,"format":"png","count":64,"filenames":["media/images/reconstructions_29969_92fce16cf3c14d7a7258.png","media/images/reconstructions_29969_dfcb79a480ee9f91cc3e.png","media/images/reconstructions_29969_070bb6ca210734768d49.png","media/images/reconstructions_29969_cd9d5d8ee682a04e2f0f.png","media/images/reconstructions_29969_96d954e9c29f80e77b8a.png","media/images/reconstructions_29969_1b1fa0dd224375004332.png","media/images/reconstructions_29969_fc7dd3bf60e77ac5a956.png","media/images/reconstructions_29969_09fa6efeceae524d961e.png","media/images/reconstructions_29969_9a0835ad114d5dbe1638.png","media/images/reconstructions_29969_4cfff69efe75e23d749a.png","media/images/reconstructions_29969_50fa9dc0e12ca13b1d53.png","media/images/reconstructions_29969_cb777e2a2dcd9fc41616.png","media/images/reconstructions_29969_39446222756b9dd69082.png","media/images/reconstructions_29969_5a0ea0acd3728100e1b6.png","media/images/reconstructions_29969_f365db9b3d752b25aea9.png","media/images/reconstructions_29969_59a85439c41fa28b3f8c.png","media/images/reconstructions_29969_90af5d51b6537f98af4c.png","media/images/reconstructions_29969_7af030794b4f691136cb.png","media/images/reconstructions_29969_5df98cfa7fbdae8a2333.png","media/images/reconstructions_29969_fd815487e81cceea50a4.png","media/images/reconstructions_29969_03f511b5e3e9408d249b.png","media/images/reconstructions_29969_bb35ae96b70de7f0373a.png","media/images/reconstructions_29969_56043ffb84914a944f58.png","media/images/reconstructions_29969_d979e74527d839ed8850.png","media/images/reconstructions_29969_e3456200786f1e856c27.png","media/images/reconstructions_29969_8ec2a1894a1097508f96.png","media/images/reconstructions_29969_2588eee9d7247a5916bd.png","media/images/reconstructions_29969_d82c81af79bea1222d57.png","media/images/reconstructions_29969_2867ad54e0d0d222eb75.png","media/images/reconstructions_29969_121f3e4d3cf9bfa97ba8.png","media/images/reconstructions_29969_f893416edb83ee382acc.png","media/images/reconstructions_29969_51a922464340a4093853.png","media/images/reconstructions_29969_66fb501492ec236fc3c2.png","media/images/reconstructions_29969_c40940526445e3590f1f.png","media/images/reconstructions_29969_1497a88bc6ccc4a34ea7.png","media/images/reconstructions_29969_b0945bd9532361743df1.png","media/images/reconstructions_29969_73b9ba74c1ee643fca4b.png","media/images/reconstructions_29969_6f6223397f8889c68d33.png","media/images/reconstructions_29969_cbc0db992d954af9e671.png","media/images/reconstructions_29969_c8f22b9a7a86909a328f.png","media/images/reconstructions_29969_396dfc3f4b22593b59dc.png","media/images/reconstructions_29969_1b501333094e7e3de18d.png","media/images/reconstructions_29969_a23ad3cd62297a5d3769.png","media/images/reconstructions_29969_8d2532ba4254c2cdcdd4.png","media/images/reconstructions_29969_a82e76a69db0d0d58a27.png","media/images/reconstructions_29969_ba93e06b9b08d1a236fc.png","media/images/reconstructions_29969_ef758af550570085b915.png","media/images/reconstructions_29969_c990322c6bd9aa89227a.png","media/images/reconstructions_29969_c65ff04b62dcc1653f4a.png","media/images/reconstructions_29969_b3cd1142ffe5858fb3b9.png","media/images/reconstructions_29969_a2aa8d01102815e6f0da.png","media/images/reconstructions_29969_e6f6932d9958d022e625.png","media/images/reconstructions_29969_61ae2bb3bd8ff6bc4e14.png","media/images/reconstructions_29969_708175e5bab2b6a6b571.png","media/images/reconstructions_29969_621c1bdd98601282350b.png","media/images/reconstructions_29969_e5609ffa6ff49cc3509c.png","media/images/reconstructions_29969_4506e93ba9b2133a7b4f.png","media/images/reconstructions_29969_504ba46f2def87703016.png","media/images/reconstructions_29969_c3262a0a7e575caed96b.png","media/images/reconstructions_29969_53de6a2d8af876738ca9.png","media/images/reconstructions_29969_37a10504e9c5d92aa0aa.png","media/images/reconstructions_29969_1b34c8f86d263b698143.png","media/images/reconstructions_29969_36896c4dc04fe7fe885f.png","media/images/reconstructions_29969_f00869830eb518f5889a.png"],"_type":"images/separated"},"_step":30149,"avg_loss":0.0346847311838677,"batch_mse_loss":0.03480662778019905,"avg_mse_loss":0.034684942937210986,"avg_kld_loss":-2.1175334328099302e-07,"_wandb":{"runtime":12429},"learning_rate":2.7339599464326623e-09,"batch_kld_loss":-2.086162567138672e-07}