{"batch_kld_loss":0.10755783319473267,"avg_kld_loss":0.11725974200587523,"avg_mse_loss":1.9802993598737215,"batch_loss":2.0716633796691895,"batch_mse_loss":1.9641056060791016,"avg_loss":2.0975591007031893,"reconstructions":{"filenames":["media/images/reconstructions_20_f5e8850e2ad3715d1181.png","media/images/reconstructions_20_d6a1e30210dce25dfac4.png","media/images/reconstructions_20_a3e7b5c6b0510e921d8e.png","media/images/reconstructions_20_42dc969613a5a244bf45.png","media/images/reconstructions_20_a9e8fab22012659daa3c.png","media/images/reconstructions_20_74a190bd51ffd1b05e65.png","media/images/reconstructions_20_2a5d5dce7a9ca0f82be8.png","media/images/reconstructions_20_4a5ae34b880b73d149e4.png","media/images/reconstructions_20_7c228cf8f02ae7414d6d.png","media/images/reconstructions_20_7d910475ea991b34bb6c.png","media/images/reconstructions_20_e570a58a20f23933327d.png","media/images/reconstructions_20_d53109ab049133ded322.png","media/images/reconstructions_20_75cf306721053bbdf28a.png","media/images/reconstructions_20_6408a30a37de1be4c6e5.png","media/images/reconstructions_20_9fba9980246129d9bdbe.png","media/images/reconstructions_20_bfa11b2d5c3f535746c8.png","media/images/reconstructions_20_c4fd7f9db07ed55c46b8.png","media/images/reconstructions_20_e153abf3de7ce46cf844.png","media/images/reconstructions_20_a9466146f091ef4b3d3a.png","media/images/reconstructions_20_4bd18d3989855a95fe8d.png","media/images/reconstructions_20_ec35a22c2f28fa2bc4c2.png","media/images/reconstructions_20_a5ecd0dc8c76bddd481f.png","media/images/reconstructions_20_38858003384af3f15ffd.png","media/images/reconstructions_20_efdcb9cce468addb9a68.png","media/images/reconstructions_20_305fb8670f1c864431e6.png","media/images/reconstructions_20_0039e83668f17a21b086.png","media/images/reconstructions_20_ff16de62905f75023d49.png","media/images/reconstructions_20_21d61b4617743c78a1eb.png","media/images/reconstructions_20_dfa4ca52ddd9546a163c.png","media/images/reconstructions_20_b4b9700ded9fc0e37522.png","media/images/reconstructions_20_3e3a3bf94fecc634a4c1.png","media/images/reconstructions_20_2420a7661c3c838fccdd.png","media/images/reconstructions_20_289fd599f019884739d6.png","media/images/reconstructions_20_6179870e90e82305ff3d.png","media/images/reconstructions_20_ef08e5f873bdbf901632.png","media/images/reconstructions_20_02349a5d90963fdc1cd5.png","media/images/reconstructions_20_9cb2579660cb2efffd94.png","media/images/reconstructions_20_2f9dde5d71bf6c622cc3.png","media/images/reconstructions_20_c7722df8d7ab4058b185.png","media/images/reconstructions_20_ec6d0cb50aac26ae0416.png","media/images/reconstructions_20_a2b4da2b4ccff9d1d6f7.png","media/images/reconstructions_20_c14a2e25ed1198bced1e.png","media/images/reconstructions_20_62a9cb0d7476bbba94b1.png","media/images/reconstructions_20_96557c1457a014997505.png","media/images/reconstructions_20_a88005ecdbdad2ea0336.png","media/images/reconstructions_20_de4214df6ec118d65b7a.png","media/images/reconstructions_20_9645f748e5a9953909da.png","media/images/reconstructions_20_bb8199fa890713a37817.png","media/images/reconstructions_20_3950068b3936da745d7b.png","media/images/reconstructions_20_f4c17f49fac91c90119f.png","media/images/reconstructions_20_5ba5eb7416493d58a292.png","media/images/reconstructions_20_21fdc3271425e8ba434c.png","media/images/reconstructions_20_981d0a1ca5d6fad71993.png","media/images/reconstructions_20_4df1cf153802453471ca.png","media/images/reconstructions_20_094bd0eb628ac9fb8fb1.png","media/images/reconstructions_20_74bc3e7d890d80971284.png","media/images/reconstructions_20_64a721e71f75f5d46825.png","media/images/reconstructions_20_b87f588c611341987216.png","media/images/reconstructions_20_cec30836769c737c16b9.png","media/images/reconstructions_20_77503a2830bb3b2f7088.png","media/images/reconstructions_20_ab32734c45416f9876ab.png","media/images/reconstructions_20_36985a6049818b7842e2.png","media/images/reconstructions_20_9357743e8533a3622b18.png","media/images/reconstructions_20_872527a3a5d86693dff5.png"],"_type":"images/separated","width":512,"height":256,"format":"png","count":64},"_runtime":36.846274844,"_timestamp":1.7273466699987185e+09,"epoch":3,"_wandb":{"runtime":37},"_step":72}