{"val_avg_loss2_physics":3.5270659203622854,"batch_loss2_physics":0,"batch_loss3_physics":0,"val_avg_loss3_physics":2678.474448529412,"_timestamp":1.7278657345244262e+09,"avg_recon_loss":357.50433349609375,"epoch":11,"val_avg_kld_loss":148.37365196078431,"_step":188,"val_avg_loss":2934.767463235294,"avg_kld_loss":225.82036781311035,"_wandb":{"runtime":30},"kld_weight":0.02,"avg_loss3_physics":0,"_runtime":30.317871195,"val_avg_recon_loss":250.09520526960785,"physics_weight":0.02,"avg_loss":362.0207395553589,"batch_kld_loss":215.6429443359375,"batch_recon_loss":457.5059509277344,"batch_loss":461.8188171386719,"val_reconstructions":{"_type":"images/separated","width":4114,"height":518,"format":"png","count":1,"filenames":["media/images/val_reconstructions_171_ee16bc966ad2b4d92de0.png"],"captions":["Top: Originals, Bottom: Reconstructions"]},"avg_loss2_physics":0}