{"avg_loss":0.007926326759747769,"_timestamp":1.7274356145357053e+09,"batch_kld_loss":0.0022423863410949707,"_runtime":4978.079543311,"reconstructions":{"width":512,"height":256,"format":"png","count":64,"filenames":["media/images/reconstructions_11879_5af25d072ec2cf9dab18.png","media/images/reconstructions_11879_d8c5b7bba60aa3d24f6d.png","media/images/reconstructions_11879_96a31e74afd3214c76a7.png","media/images/reconstructions_11879_92ba64d83f52ad62cb37.png","media/images/reconstructions_11879_259961aee43e6b623ac4.png","media/images/reconstructions_11879_3f18f139f8eb54ac5d0d.png","media/images/reconstructions_11879_960e7f92b7d2a745ccce.png","media/images/reconstructions_11879_bd458f7e4f2934854455.png","media/images/reconstructions_11879_cd7dfea42463a76d8663.png","media/images/reconstructions_11879_66ec503026ec77b63a7c.png","media/images/reconstructions_11879_2c908b6246b103b37f05.png","media/images/reconstructions_11879_c533bb3d1341286f4800.png","media/images/reconstructions_11879_d8e840d6f30334730973.png","media/images/reconstructions_11879_5c9d1a6077a427e935a3.png","media/images/reconstructions_11879_7ae19c73607306479f22.png","media/images/reconstructions_11879_a3232e7cff2768059798.png","media/images/reconstructions_11879_5ad0fdb33acbdd1476ae.png","media/images/reconstructions_11879_00a30d690c2ebed2efee.png","media/images/reconstructions_11879_cb22a4349d6b319ab8da.png","media/images/reconstructions_11879_4234a59f69189cedb38d.png","media/images/reconstructions_11879_3e47f0854f7693938883.png","media/images/reconstructions_11879_1265429d7201d1868cdc.png","media/images/reconstructions_11879_3fdb445d9179e73dedd7.png","media/images/reconstructions_11879_cc09e86f21e01d6204d9.png","media/images/reconstructions_11879_6632e1123179d1804626.png","media/images/reconstructions_11879_19d99ed2270372841e39.png","media/images/reconstructions_11879_34f20de35f695e8a3e96.png","media/images/reconstructions_11879_f1fe8d51196f77ac1502.png","media/images/reconstructions_11879_da897f8d1c255facd4f6.png","media/images/reconstructions_11879_e60c96d374d3d5aa8879.png","media/images/reconstructions_11879_e3b23ad24df740ac4321.png","media/images/reconstructions_11879_b94cba6519da57c3764e.png","media/images/reconstructions_11879_44d1011c6df6fa3e962f.png","media/images/reconstructions_11879_cf2bca99057d37d11825.png","media/images/reconstructions_11879_cf3fe84c91c501c79b94.png","media/images/reconstructions_11879_3933f4e6537811a3965b.png","media/images/reconstructions_11879_b888687fd7ac9e5c06b3.png","media/images/reconstructions_11879_19fb063a44c3c7065dfa.png","media/images/reconstructions_11879_645beac49b8060860c62.png","media/images/reconstructions_11879_be0034f4c0317d5f324f.png","media/images/reconstructions_11879_224749f178b68be61627.png","media/images/reconstructions_11879_2f7470554c539e688100.png","media/images/reconstructions_11879_9bc61b9aab7ed94e12a4.png","media/images/reconstructions_11879_579f72691caa366d5744.png","media/images/reconstructions_11879_f442d90d02eb788b0bbf.png","media/images/reconstructions_11879_6b8a95bc3ae6bf4bcc3f.png","media/images/reconstructions_11879_77cabd81da8133411122.png","media/images/reconstructions_11879_e6b77e6550393e368aef.png","media/images/reconstructions_11879_906a58de2b5ec6641ef5.png","media/images/reconstructions_11879_f2cb33dcd9245a4faf01.png","media/images/reconstructions_11879_15a58b7712466590b83f.png","media/images/reconstructions_11879_65a95369376be0ddc254.png","media/images/reconstructions_11879_ac0e57e1e43d46637ca9.png","media/images/reconstructions_11879_4d7cd28d6e0e0f8d4213.png","media/images/reconstructions_11879_c3e2e8dc428bcbaeccdc.png","media/images/reconstructions_11879_2e1c67073526b0452a6c.png","media/images/reconstructions_11879_563145200e097c16ca80.png","media/images/reconstructions_11879_3cc791ab31c055bb7ed3.png","media/images/reconstructions_11879_f0b9200bd273f78506d3.png","media/images/reconstructions_11879_95aca6c8b46e8b1906da.png","media/images/reconstructions_11879_2e0953ca092c26a4cefb.png","media/images/reconstructions_11879_00a8e08a0b817609f956.png","media/images/reconstructions_11879_227f1f4c5c5b37bc12fc.png","media/images/reconstructions_11879_35bff89cd45c700e82d8.png"],"_type":"images/separated"},"_wandb":{"runtime":4978},"epoch":600,"batch_loss":0.008637635037302971,"avg_kld_loss":0.002247400973972521,"avg_mse_loss":0.005678925810283736,"batch_mse_loss":0.006395248696208,"_step":12059}