{"_runtime":17809.47068647,"avg_mse_loss":0.878900010334818,"avg_loss":0.8789010079283464,"batch_mse_loss":0.8822263479232788,"epoch":2000,"avg_kld_loss":9.991620716295744e-07,"reconstructions":{"width":512,"height":256,"format":"png","count":64,"filenames":["media/images/reconstructions_40019_6d0cf45cbdd441b8107e.png","media/images/reconstructions_40019_6d0cf45cbdd441b8107e.png","media/images/reconstructions_40019_6d0cf45cbdd441b8107e.png","media/images/reconstructions_40019_6d0cf45cbdd441b8107e.png","media/images/reconstructions_40019_6d0cf45cbdd441b8107e.png","media/images/reconstructions_40019_6d0cf45cbdd441b8107e.png","media/images/reconstructions_40019_6d0cf45cbdd441b8107e.png","media/images/reconstructions_40019_6d0cf45cbdd441b8107e.png","media/images/reconstructions_40019_6d0cf45cbdd441b8107e.png","media/images/reconstructions_40019_6d0cf45cbdd441b8107e.png","media/images/reconstructions_40019_6d0cf45cbdd441b8107e.png","media/images/reconstructions_40019_6d0cf45cbdd441b8107e.png","media/images/reconstructions_40019_6d0cf45cbdd441b8107e.png","media/images/reconstructions_40019_6d0cf45cbdd441b8107e.png","media/images/reconstructions_40019_6d0cf45cbdd441b8107e.png","media/images/reconstructions_40019_6d0cf45cbdd441b8107e.png","media/images/reconstructions_40019_6d0cf45cbdd441b8107e.png","media/images/reconstructions_40019_6d0cf45cbdd441b8107e.png","media/images/reconstructions_40019_6d0cf45cbdd441b8107e.png","media/images/reconstructions_40019_6d0cf45cbdd441b8107e.png","media/images/reconstructions_40019_6d0cf45cbdd441b8107e.png","media/images/reconstructions_40019_6d0cf45cbdd441b8107e.png","media/images/reconstructions_40019_6d0cf45cbdd441b8107e.png","media/images/reconstructions_40019_6d0cf45cbdd441b8107e.png","media/images/reconstructions_40019_6d0cf45cbdd441b8107e.png","media/images/reconstructions_40019_6d0cf45cbdd441b8107e.png","media/images/reconstructions_40019_6d0cf45cbdd441b8107e.png","media/images/reconstructions_40019_6d0cf45cbdd441b8107e.png","media/images/reconstructions_40019_6d0cf45cbdd441b8107e.png","media/images/reconstructions_40019_6d0cf45cbdd441b8107e.png","media/images/reconstructions_40019_6d0cf45cbdd441b8107e.png","media/images/reconstructions_40019_6d0cf45cbdd441b8107e.png","media/images/reconstructions_40019_6d0cf45cbdd441b8107e.png","media/images/reconstructions_40019_6d0cf45cbdd441b8107e.png","media/images/reconstructions_40019_6d0cf45cbdd441b8107e.png","media/images/reconstructions_40019_6d0cf45cbdd441b8107e.png","media/images/reconstructions_40019_6d0cf45cbdd441b8107e.png","media/images/reconstructions_40019_6d0cf45cbdd441b8107e.png","media/images/reconstructions_40019_6d0cf45cbdd441b8107e.png","media/images/reconstructions_40019_6d0cf45cbdd441b8107e.png","media/images/reconstructions_40019_6d0cf45cbdd441b8107e.png","media/images/reconstructions_40019_6d0cf45cbdd441b8107e.png","media/images/reconstructions_40019_6d0cf45cbdd441b8107e.png","media/images/reconstructions_40019_6d0cf45cbdd441b8107e.png","media/images/reconstructions_40019_6d0cf45cbdd441b8107e.png","media/images/reconstructions_40019_6d0cf45cbdd441b8107e.png","media/images/reconstructions_40019_6d0cf45cbdd441b8107e.png","media/images/reconstructions_40019_6d0cf45cbdd441b8107e.png","media/images/reconstructions_40019_6d0cf45cbdd441b8107e.png","media/images/reconstructions_40019_6d0cf45cbdd441b8107e.png","media/images/reconstructions_40019_6d0cf45cbdd441b8107e.png","media/images/reconstructions_40019_6d0cf45cbdd441b8107e.png","media/images/reconstructions_40019_6d0cf45cbdd441b8107e.png","media/images/reconstructions_40019_6d0cf45cbdd441b8107e.png","media/images/reconstructions_40019_6d0cf45cbdd441b8107e.png","media/images/reconstructions_40019_6d0cf45cbdd441b8107e.png","media/images/reconstructions_40019_6d0cf45cbdd441b8107e.png","media/images/reconstructions_40019_6d0cf45cbdd441b8107e.png","media/images/reconstructions_40019_6d0cf45cbdd441b8107e.png","media/images/reconstructions_40019_6d0cf45cbdd441b8107e.png","media/images/reconstructions_40019_6d0cf45cbdd441b8107e.png","media/images/reconstructions_40019_6d0cf45cbdd441b8107e.png","media/images/reconstructions_40019_6d0cf45cbdd441b8107e.png","media/images/reconstructions_40019_6d0cf45cbdd441b8107e.png"],"_type":"images/separated"},"_wandb":{"runtime":17810},"_step":40199,"batch_kld_loss":9.834766387939453e-07,"batch_loss":0.8822273015975952,"_timestamp":1.7273645011345232e+09}