{"batch_loss3_physics":0,"val_avg_kld_loss":115.05571767769608,"val_avg_loss":132.01952359068628,"_step":547,"avg_loss":230.0367636680603,"_runtime":75.996255972,"kld_weight":0.06,"physics_weight":0.06,"avg_kld_loss":160.53616905212402,"avg_loss2_physics":0,"val_avg_loss2_physics":4.675437093657606e-05,"val_avg_recon_loss":125.34620098039215,"avg_recon_loss":220.4045968055725,"epoch":31,"batch_kld_loss":145.22708129882812,"batch_loss":175.4207305908203,"val_reconstructions":{"format":"png","count":1,"filenames":["media/images/val_reconstructions_515_c114435da8cafa3d6c08.png"],"captions":["Top: Originals, Bottom: Reconstructions"],"_type":"images/separated","width":4114,"height":518},"_wandb":{"runtime":76},"batch_recon_loss":166.41665649414062,"val_avg_loss3_physics":4.899358997742335e-05,"avg_loss3_physics":0,"_timestamp":1.7278651442040997e+09,"batch_loss2_physics":0}