{"avg_kld_loss":950.0706062316895,"physics_weight":0.004,"epoch":3,"avg_loss3_physics":0,"_wandb":{"runtime":11},"kld_weight":0.004,"batch_loss2_physics":0,"avg_loss":1057.2368278503418,"avg_recon_loss":1053.436538696289,"_step":58,"batch_recon_loss":460.28466796875,"_runtime":11.14909209,"batch_loss3_physics":0,"_timestamp":1.7278658416284423e+09,"batch_loss":464.3328552246094,"avg_loss2_physics":0,"batch_kld_loss":674.6956787109375}